Product_Names,Product_Prices,Product_Images
1. Rear camera Glass + Ring 相架 Apple iPhone 11 MOQ:20 Black (2 pcs set),$0.51,https://static.insales-cdn.com/assets/1/5664/3724832/1674546397/uk-icon.png
2. Rear camera Glass + Ring 相架 Apple iPhone 11 MOQ:20 Green (2 pcs set),$0.51,https://static.insales-cdn.com/assets/1/5664/3724832/1674546397/russia-icon.png
3. Rear camera Glass + Ring 相架 Apple iPhone 11 MOQ:20 Purple (2 pcs set),$0.51,https://static.insales-cdn.com/assets/1/5664/3724832/1674546397/uk-icon.png
4. Rear camera Glass + Ring 相架 Apple iPhone 11 MOQ:20 Red (2 pcs set),$0.51,https://static.insales-cdn.com/assets/1/428/3981740/1685618934/logotype.jpg
5. Rear camera Glass + Ring 相架 Apple iPhone 11 MOQ:20 White (2 pcs set),$0.51,https://static.insales-cdn.com/assets/1/5664/3724832/1674546397/uk-icon.png
6. Rear camera Glass + Ring 相架 Apple iPhone 11 MOQ:20 Yellow (2 pcs set),$0.51,https://static.insales-cdn.com/assets/1/5664/3724832/1674546397/russia-icon.png
7. Rear camera Glass + Ring 相架 Apple iPhone 11 Pro / 11 Pro Max MOQ:20 Black (3 pcs set),$0.94,https://static.insales-cdn.com/assets/1/5664/3724832/1674546397/uk-icon.png
8. Rear camera Glass + Ring 相架 Apple iPhone 11 Pro /11 Pro Max MOQ:20 Gold (3 pcs set),$1.37,https://static.insales-cdn.com/images/collections/1/5950/89364286/S620bf810c22e4d1bb73175f182650337U.jpg
9. Rear camera Glass + Ring 相架 Apple iPhone 11 Pro / 11 Pro Max MOQ:20 Green (3 pcs set),$1.20,https://static.insales-cdn.com/r/Xd7o0yXNY2A/rs:fit:380:380:1/plain/images/collections/1/4731/89404027/large_ramka-dlya-zadnej-kamery-silver-iphone-xs-max-2.1000x.jpg
10. Rear camera Glass + Ring 相架 Apple iPhone 11 Pro / 11 Pro Max MOQ:20 White (3 pcs set),$1.37,https://static.insales-cdn.com/r/Kuuq2QPnPbk/rs:fit:380:380:1/plain/images/collections/1/4748/89404044/large_steklo-zadnej-kamery-iphone-11-s-tolstym-obodkom-1.1000x.jpg
11. Rear camera Glass + Ring 相架 Apple iPhone 6 / 6S MOQ:20 Gold,$0.09,https://static.insales-cdn.com/r/rpafX_hMiAE/rs:fit:380:380:1/plain/images/collections/1/4769/89404065/large_f3a63d04c7d09c7f7fe529a6e460e14f_large.jpg
12. Rear camera Glass + Ring 相架 Apple iPhone 6 / 6S MOQ:20 Grey,$0.09,https://static.insales-cdn.com/r/DFGOd6OLhwI/rs:fit:380:380:1/plain/images/products/1/2468/323873188/large_H23510bf7db0744659c130c76b6212bdcl.jpg
13. Rear camera Glass + Ring 相架 Apple iPhone 6 / 6S MOQ:20 Rose Gold,$0.09,https://static.insales-cdn.com/assets/1/5664/3724832/1674546397/uk-icon.png
14. Rear camera Glass + Ring 相架 Apple iPhone 6 / 6S MOQ:20 Silver,$0.09,https://static.insales-cdn.com/assets/1/5664/3724832/1674546397/russia-icon.png
15. Rear camera Glass + Ring 相架 Apple iPhone 6 Plus / 6s Plus MOQ:20 Gold,$0.09,https://static.insales-cdn.com/assets/1/5664/3724832/1674546397/uk-icon.png
16. Rear camera Glass + Ring 相架 Apple iPhone 6 Plus / 6s Plus MOQ:20 Grey,$0.09,https://static.insales-cdn.com/assets/1/428/3981740/1685618934/logotype.jpg
17. Rear camera Glass + Ring 相架 Apple iPhone 6 Plus / 6s Plus MOQ:20 Rose Gold,$0.09,https://static.insales-cdn.com/assets/1/5664/3724832/1674546397/uk-icon.png
18. Rear camera Glass + Ring 相架 Apple iPhone 6 Plus / 6s Plus MOQ:20 Silver,$0.09,https://static.insales-cdn.com/assets/1/5664/3724832/1674546397/russia-icon.png
19. Rear camera Glass + Ring 相架 Apple iPhone 7 MOQ:20 Black,$0.10,https://static.insales-cdn.com/assets/1/5664/3724832/1674546397/uk-icon.png
20. Rear camera Glass + Ring 相架 Apple iPhone 7 Plus MOQ:20 Black,$0.21,https://static.insales-cdn.com/r/Xd7o0yXNY2A/rs:fit:380:380:1/plain/images/collections/1/4731/89404027/large_ramka-dlya-zadnej-kamery-silver-iphone-xs-max-2.1000x.jpg
21. Rear camera Glass + Ring 相架 Apple iPhone 8 MOQ:20 Black,$0.21,https://static.insales-cdn.com/r/Kuuq2QPnPbk/rs:fit:380:380:1/plain/images/collections/1/4748/89404044/large_steklo-zadnej-kamery-iphone-11-s-tolstym-obodkom-1.1000x.jpg
22. Rear camera Glass + Ring 相架 Apple iPhone 8 MOQ:20 Gold,$0.21,https://static.insales-cdn.com/r/rpafX_hMiAE/rs:fit:380:380:1/plain/images/collections/1/4769/89404065/large_f3a63d04c7d09c7f7fe529a6e460e14f_large.jpg
23. Rear camera Glass + Ring 相架 Apple iPhone 8 MOQ:20 Silver,$0.21,https://static.insales-cdn.com/r/ve0FAilZQZk/rs:fit:380:380:1/plain/images/products/1/2459/200354203/large_rear-camera-lens-complete-apple-iphone-6-6s-rose-gold.jpg
24. Rear camera Glass + Ring 相架 Apple iPhone 8 Plus MOQ:20 Black,$0.34,https://static.insales-cdn.com/r/chpzPeBI0FM/rs:fit:380:380:1/plain/images/products/1/1166/200344718/large_rear-camera-lens-complete-apple-iphone-6-6s-silver.jpg
25. Rear camera Glass + Ring 相架 Apple iPhone 8 Plus MOQ:20 Gold,$0.34,https://static.insales-cdn.com/assets/1/5664/3724832/1674546397/uk-icon.png
26. Rear camera Glass + Ring 相架 Apple iPhone 8 Plus MOQ:20 Silver,$0.34,https://static.insales-cdn.com/assets/1/5664/3724832/1674546397/russia-icon.png
27. Rear camera Glass + Ring 相架 Apple iPhone X MOQ:20 Black,$0.34,https://static.insales-cdn.com/assets/1/5664/3724832/1674546397/uk-icon.png
28. Rear camera Glass + Ring 相架 Apple iPhone X MOQ:20 Silver,$0.34,https://static.insales-cdn.com/assets/1/428/3981740/1685618934/logotype.jpg
29. Rear camera Glass + Ring 相架 Apple iPhone XR MOQ:20 Black,$0.34,https://static.insales-cdn.com/assets/1/5664/3724832/1674546397/uk-icon.png
30. Rear camera Glass + Ring 相架 Apple iPhone XR MOQ:20 Blue,$0.34,https://static.insales-cdn.com/assets/1/5664/3724832/1674546397/russia-icon.png
31. Rear camera Glass + Ring 相架 Apple iPhone XR MOQ:20 Coral,$0.34,https://static.insales-cdn.com/assets/1/5664/3724832/1674546397/uk-icon.png
32. Rear camera Glass + Ring 相架 Apple iPhone XR MOQ:20 Red,$0.34,https://static.insales-cdn.com/r/Xd7o0yXNY2A/rs:fit:380:380:1/plain/images/collections/1/4731/89404027/large_ramka-dlya-zadnej-kamery-silver-iphone-xs-max-2.1000x.jpg
33. Rear camera Glass + Ring 相架 Apple iPhone XR MOQ:20 White,$0.34,https://static.insales-cdn.com/r/Kuuq2QPnPbk/rs:fit:380:380:1/plain/images/collections/1/4748/89404044/large_steklo-zadnej-kamery-iphone-11-s-tolstym-obodkom-1.1000x.jpg
34. Rear camera Glass + Ring 相架 Apple iPhone XR MOQ:20 Yellow,$0.34,https://static.insales-cdn.com/r/rpafX_hMiAE/rs:fit:380:380:1/plain/images/collections/1/4769/89404065/large_f3a63d04c7d09c7f7fe529a6e460e14f_large.jpg
35. Rear camera Glass + Ring 相架 Apple iPhone Xs Max MOQ:20 Black,$0.43,https://static.insales-cdn.com/r/quIOJpHoLno/rs:fit:380:380:1/plain/images/products/1/3079/226438151/large_HTB1gUTPah2rK1RkSnhJq6ykdpXaq.jpg
36. Rear camera Glass + Ring 相架 Apple iPhone Xs Max MOQ:20 Silver,$0.43,https://static.insales-cdn.com/r/ike3M0LqDYw/rs:fit:380:380:1/plain/images/products/1/3066/226438138/large_HTB1gUTPah2rK1RkSnhJq6ykdpXaq.jpg
37. Rear camera Glass + Ring 相架 Apple iPhone XS MOQ:20 Black,$0.43,https://static.insales-cdn.com/assets/1/5664/3724832/1674546397/uk-icon.png
38. Rear camera Glass + Ring 相架 Apple iPhone XS MOQ:20 Silver,$0.43,https://static.insales-cdn.com/assets/1/5664/3724832/1674546397/russia-icon.png
39. Rear camera Glass 镜头玻璃 Copy 仿 for Apple iPhone 11 MOQ:50 [2Pcs Set],$0.12,https://static.insales-cdn.com/assets/1/5664/3724832/1674546397/uk-icon.png
40. Rear camera Glass 镜头玻璃 Copy 仿 for Apple iPhone 11 Pro / 11 Pro Max MOQ:50 [3Pcs Set],$0.15,https://static.insales-cdn.com/assets/1/428/3981740/1685618934/logotype.jpg
41. Rear camera Glass 镜头玻璃 Copy 仿 for Apple iPhone 12 / 12 mini MOQ:50 [2Pcs Set],$0.12,https://static.insales-cdn.com/assets/1/5664/3724832/1674546397/uk-icon.png
42. Rear camera Glass 镜头玻璃 Copy 仿 for Apple iPhone 12 Pro Max MOQ:50 [3Pcs Set],$0.15,https://static.insales-cdn.com/assets/1/5664/3724832/1674546397/russia-icon.png
43. Rear camera Glass 镜头玻璃 Copy 仿 for Apple iPhone 12 Pro MOQ:50 [3Pcs Set],$0.15,https://static.insales-cdn.com/assets/1/5664/3724832/1674546397/uk-icon.png
44. Rear camera Glass 镜头玻璃 Copy 仿 for Apple iPhone 13 mini MOQ:50 [2Pcs Set],$0.14,https://static.insales-cdn.com/r/Xd7o0yXNY2A/rs:fit:380:380:1/plain/images/collections/1/4731/89404027/large_ramka-dlya-zadnej-kamery-silver-iphone-xs-max-2.1000x.jpg
45. Rear camera Glass 镜头玻璃 Copy 仿 for Apple iPhone 13 Pro / 13 Pro Max MOQ:50 [3Pcs Set],$0.31,https://static.insales-cdn.com/r/Kuuq2QPnPbk/rs:fit:380:380:1/plain/images/collections/1/4748/89404044/large_steklo-zadnej-kamery-iphone-11-s-tolstym-obodkom-1.1000x.jpg
46. Rear camera Glass 镜头玻璃 Copy 仿 for Apple iPhone 14 / 14 Plus MOQ:50 [2Pcs Set],$0.26,https://static.insales-cdn.com/r/rpafX_hMiAE/rs:fit:380:380:1/plain/images/collections/1/4769/89404065/large_f3a63d04c7d09c7f7fe529a6e460e14f_large.jpg
47. Rear camera Glass 镜头玻璃 Copy 仿 for Apple iPhone 14 Pro / 14 Pro Max MOQ:50 [3Pcs Set],$0.34,https://static.insales-cdn.com/r/A2YZHSs1M80/rs:fit:380:380:1/plain/images/products/1/3984/226439056/large_NEW-Rear-Back-Camera-Cap-Holder-Lens-Clip-Ring-Bracket-Frame-For-iPhone-X-XR-XS.jpg_640x640.jpg
48. Rear camera Glass 镜头玻璃 Copy 仿 for Apple iPhone 6 / 6S MOQ:100,$0.03,https://static.insales-cdn.com/r/kZkYb_zGXd4/rs:fit:380:380:1/plain/images/products/1/3933/226439005/large_NEW-Rear-Back-Camera-Cap-Holder-Lens-Clip-Ring-Bracket-Frame-For-iPhone-X-XR-XS.jpg_640x640.jpg
49. Rear camera Glass 镜头玻璃 Copy 仿 for Apple iPhone 6 Plus / 6s Plus MOQ:100,$0.05,https://static.insales-cdn.com/assets/1/5664/3724832/1674546397/uk-icon.png
50. Rear camera Glass 镜头玻璃 Copy 仿 for Apple iPhone 7 / 8 MOQ:100,$0.05,https://static.insales-cdn.com/assets/1/5664/3724832/1674546397/russia-icon.png
51. Rear camera Glass 镜头玻璃 Copy 仿 for Apple iPhone 7 Plus / 8 Plus MOQ:100,$0.07,https://static.insales-cdn.com/assets/1/5664/3724832/1674546397/uk-icon.png
52. Rear camera Glass 镜头玻璃 Copy 仿 for Apple iPhone X MOQ:100,$0.10,https://static.insales-cdn.com/assets/1/428/3981740/1685618934/logotype.jpg
53. Rear camera Glass 镜头玻璃 Copy 仿 for Apple iPhone XR MOQ:100,$0.07,https://static.insales-cdn.com/assets/1/5664/3724832/1674546397/uk-icon.png
54. Rear camera Glass 镜头玻璃 Copy 仿 for Apple iPhone XS / Xs Max MOQ:100,$0.10,https://static.insales-cdn.com/assets/1/5664/3724832/1674546397/russia-icon.png
55. Rear camera Glass 镜头玻璃 for Huawei Honor 10i MOQ:50,$0.05,https://static.insales-cdn.com/assets/1/5664/3724832/1674546397/uk-icon.png
56. Rear camera Glass 镜头玻璃 for Huawei Honor 10 Lite MOQ:50,$0.03,https://static.insales-cdn.com/r/Xd7o0yXNY2A/rs:fit:380:380:1/plain/images/collections/1/4731/89404027/large_ramka-dlya-zadnej-kamery-silver-iphone-xs-max-2.1000x.jpg
57. Rear camera Glass 镜头玻璃 for Huawei Honor 10 MOQ:50,$0.07,https://static.insales-cdn.com/r/Kuuq2QPnPbk/rs:fit:380:380:1/plain/images/collections/1/4748/89404044/large_steklo-zadnej-kamery-iphone-11-s-tolstym-obodkom-1.1000x.jpg
58. Rear camera Glass 镜头玻璃 for Huawei Honor 20i MOQ:50,$0.07,https://static.insales-cdn.com/r/rpafX_hMiAE/rs:fit:380:380:1/plain/images/collections/1/4769/89404065/large_f3a63d04c7d09c7f7fe529a6e460e14f_large.jpg
59. Rear camera Glass 镜头玻璃 for Huawei Honor 20 MOQ:50,$0.07,https://static.insales-cdn.com/r/VWExWpwCHDA/rs:fit:380:380:1/plain/images/products/1/5379/323876099/large_2.jpg
60. Rear camera Glass 镜头玻璃 for Huawei Honor 20 Pro MOQ:50,$0.07,https://static.insales-cdn.com/r/T93k6BBIaAc/rs:fit:380:380:1/plain/images/products/1/5434/323876154/large_3.jpg
61. Rear camera Glass 镜头玻璃 for Huawei Honor 20s MOQ:50,$0.07,https://static.insales-cdn.com/assets/1/5664/3724832/1674546397/uk-icon.png
62. Rear camera Glass 镜头玻璃 for Huawei Honor 30 MOQ:50,$0.07,https://static.insales-cdn.com/assets/1/5664/3724832/1674546397/russia-icon.png
63. Rear camera Glass 镜头玻璃 for Huawei Honor 50 Lite MOQ:50,$0.10,https://static.insales-cdn.com/assets/1/5664/3724832/1674546397/uk-icon.png
64. Rear camera Glass 镜头玻璃 for Huawei Honor 50 MOQ:50,$0.14,https://static.insales-cdn.com/assets/1/428/3981740/1685618934/logotype.jpg
65. Rear camera Glass 镜头玻璃 for Huawei Honor 7A MOQ:50,$0.08,https://static.insales-cdn.com/assets/1/5664/3724832/1674546397/uk-icon.png
66. Rear camera Glass 镜头玻璃 for Huawei Honor 7X MOQ:50,$0.03,https://static.insales-cdn.com/assets/1/5664/3724832/1674546397/russia-icon.png
67. Rear camera Glass 镜头玻璃 for Huawei Honor 8X MOQ:50,$0.03,https://static.insales-cdn.com/assets/1/5664/3724832/1674546397/uk-icon.png
68. Rear camera Glass 镜头玻璃 for Huawei Honor 9C MOQ:50,$0.07,https://static.insales-cdn.com/r/Xd7o0yXNY2A/rs:fit:380:380:1/plain/images/collections/1/4731/89404027/large_ramka-dlya-zadnej-kamery-silver-iphone-xs-max-2.1000x.jpg
69. Rear camera Glass 镜头玻璃 for Huawei Honor 9 Lite MOQ:50,$0.05,https://static.insales-cdn.com/r/Kuuq2QPnPbk/rs:fit:380:380:1/plain/images/collections/1/4748/89404044/large_steklo-zadnej-kamery-iphone-11-s-tolstym-obodkom-1.1000x.jpg
70. Rear camera Glass 镜头玻璃 for Huawei Honor 9X Lite MOQ:50,$0.07,https://static.insales-cdn.com/r/rpafX_hMiAE/rs:fit:380:380:1/plain/images/collections/1/4769/89404065/large_f3a63d04c7d09c7f7fe529a6e460e14f_large.jpg
71. Rear camera Glass 镜头玻璃 for Huawei Honor 9X MOQ:50,$0.07,https://static.insales-cdn.com/r/748rKG2Fi-A/rs:fit:380:380:1/plain/images/products/1/5352/317986024/large_6617b7bc-a2e9-431d-a219-bbc0e5ddebc2.jpg
72. Rear camera Glass 镜头玻璃 for Huawei Honor X7 MOQ:50,$0.14,https://static.insales-cdn.com/r/ScrnkU8d86A/rs:fit:380:380:1/plain/images/products/1/6547/413202835/large_Hb23a59ea2086465d917116998a025bb14.jpg
73. Rear camera Glass 镜头玻璃 for Huawei Honor X8 MOQ:50,$0.14,https://static.insales-cdn.com/assets/1/5664/3724832/1674546397/uk-icon.png
74. Rear camera Glass 镜头玻璃 for Huawei Mate 10 Lite MOQ:50,$0.05,https://static.insales-cdn.com/assets/1/5664/3724832/1674546397/russia-icon.png
75. Rear camera Glass 镜头玻璃 for Huawei Mate 10 MOQ:50,$0.03,https://static.insales-cdn.com/assets/1/5664/3724832/1674546397/uk-icon.png
76. Rear camera Glass 镜头玻璃 for Huawei Mate 10 Pro MOQ:50,$0.05,https://static.insales-cdn.com/assets/1/428/3981740/1685618934/logotype.jpg
77. Rear camera Glass 镜头玻璃 for Huawei Mate 20 Lite MOQ:50,$0.03,https://static.insales-cdn.com/assets/1/5664/3724832/1674546397/uk-icon.png
78. Rear camera Glass 镜头玻璃 for Huawei Mate 20 MOQ:50,$0.07,https://static.insales-cdn.com/assets/1/5664/3724832/1674546397/russia-icon.png
79. Rear camera Glass 镜头玻璃 for Huawei Mate 20 Pro MOQ:50,$0.07,https://static.insales-cdn.com/assets/1/5664/3724832/1674546397/uk-icon.png
80. Rear camera Glass 镜头玻璃 for Huawei Mate 30 MOQ:50,$0.07,https://static.insales-cdn.com/r/Xd7o0yXNY2A/rs:fit:380:380:1/plain/images/collections/1/4731/89404027/large_ramka-dlya-zadnej-kamery-silver-iphone-xs-max-2.1000x.jpg
81. Rear camera Glass 镜头玻璃 for Huawei Mate 30 Pro MOQ:50,$0.09,https://static.insales-cdn.com/r/Kuuq2QPnPbk/rs:fit:380:380:1/plain/images/collections/1/4748/89404044/large_steklo-zadnej-kamery-iphone-11-s-tolstym-obodkom-1.1000x.jpg
82. Rear camera Glass 镜头玻璃 for Huawei Mate 40 Lite MOQ:50,$0.09,https://static.insales-cdn.com/r/rpafX_hMiAE/rs:fit:380:380:1/plain/images/collections/1/4769/89404065/large_f3a63d04c7d09c7f7fe529a6e460e14f_large.jpg
83. Rear camera Glass 镜头玻璃 for Huawei Nova 3 MOQ:50,$0.05,https://static.insales-cdn.com/r/jGH4EKPDTOU/rs:fit:380:380:1/plain/images/products/1/4211/622301299/large_honor_x8.png
84. Rear camera Glass 镜头玻璃 for Huawei Nova 5i Pro MOQ:50,$0.07,https://static.insales-cdn.com/r/MKSF1NtpPdI/rs:fit:380:380:1/plain/images/products/1/7975/253959975/large_%D0%91%D0%B5%D0%B7%D1%8B%D0%BC%D1%8F%D0%BD%D0%BD%D1%8B%D0%B9.png
85. Rear camera Glass 镜头玻璃 for Huawei Nova 5T MOQ:50,$0.07,https://static.insales-cdn.com/assets/1/5664/3724832/1674546397/uk-icon.png
86. Rear camera Glass 镜头玻璃 for Huawei Nova 8i MOQ:50,$0.14,https://static.insales-cdn.com/assets/1/5664/3724832/1674546397/russia-icon.png
87. Rear camera Glass 镜头玻璃 for Huawei Nova 8 MOQ:50,$0.09,https://static.insales-cdn.com/assets/1/5664/3724832/1674546397/uk-icon.png
88. Rear camera Glass 镜头玻璃 for Huawei Nova 8 Pro MOQ:50,$0.09,https://static.insales-cdn.com/assets/1/428/3981740/1685618934/logotype.jpg
89. Rear camera Glass 镜头玻璃 for Huawei Nova 8 SE MOQ:50,$0.09,https://static.insales-cdn.com/assets/1/5664/3724832/1674546397/uk-icon.png
90. Rear camera Glass 镜头玻璃 for Huawei Nova 9 SE MOQ:50,$0.09,https://static.insales-cdn.com/assets/1/5664/3724832/1674546397/russia-icon.png
91. Rear camera Glass 镜头玻璃 for Huawei Nova Y70 MOQ:50,$0.10,https://static.insales-cdn.com/assets/1/5664/3724832/1674546397/uk-icon.png
92. Rear camera Glass 镜头玻璃 for Huawei P20 Lite MOQ:50,$0.05,https://static.insales-cdn.com/r/Xd7o0yXNY2A/rs:fit:380:380:1/plain/images/collections/1/4731/89404027/large_ramka-dlya-zadnej-kamery-silver-iphone-xs-max-2.1000x.jpg
93. Rear camera Glass 镜头玻璃 for Huawei P20 MOQ:50,$0.05,https://static.insales-cdn.com/r/Kuuq2QPnPbk/rs:fit:380:380:1/plain/images/collections/1/4748/89404044/large_steklo-zadnej-kamery-iphone-11-s-tolstym-obodkom-1.1000x.jpg
94. Rear camera Glass 镜头玻璃 for Huawei P20 Pro MOQ:50,$0.05,https://static.insales-cdn.com/r/rpafX_hMiAE/rs:fit:380:380:1/plain/images/collections/1/4769/89404065/large_f3a63d04c7d09c7f7fe529a6e460e14f_large.jpg
95. Rear camera Glass 镜头玻璃 for Huawei P30 Lite MOQ:50,$0.05,https://static.insales-cdn.com/r/BIZHMKtEcSQ/rs:fit:380:380:1/plain/images/products/1/2237/316360893/large_61C4aIiDMQL._SX679_.jpg
96. Rear camera Glass 镜头玻璃 for Huawei P30 MOQ:50,$0.07,https://static.insales-cdn.com/r/X4QQtSls6NI/rs:fit:380:380:1/plain/images/products/1/2359/622299447/large_Rear_camera_Glass_Huawei_Nova_8i.jpg
97. Rear camera Glass 镜头玻璃 for Huawei P30 Pro MOQ:50,$0.09,https://static.insales-cdn.com/assets/1/5664/3724832/1674546397/uk-icon.png
98. Rear camera Glass 镜头玻璃 for Huawei P40 Lite Black MOQ:50,$0.07,https://static.insales-cdn.com/assets/1/5664/3724832/1674546397/russia-icon.png
99. Rear camera Glass 镜头玻璃 for Huawei P40 Lite E MOQ:50,$0.07,https://static.insales-cdn.com/assets/1/5664/3724832/1674546397/uk-icon.png
100. Rear camera Glass 镜头玻璃 for Huawei P40 Lite Green MOQ:50,$0.07,https://static.insales-cdn.com/assets/1/428/3981740/1685618934/logotype.jpg
101. Rear camera Glass 镜头玻璃 for Huawei P40 Lite Pink MOQ:50,$0.07,https://static.insales-cdn.com/assets/1/5664/3724832/1674546397/uk-icon.png
102. Rear camera Glass 镜头玻璃 for Huawei P40 MOQ:50,$0.10,https://static.insales-cdn.com/assets/1/5664/3724832/1674546397/russia-icon.png
103. Rear camera Glass 镜头玻璃 for Huawei P smart 2019 MOQ:50,$0.05,https://static.insales-cdn.com/assets/1/5664/3724832/1674546397/uk-icon.png
104. Rear camera Glass 镜头玻璃 for Huawei P smart 2021 MOQ:50,$0.07,https://static.insales-cdn.com/r/Xd7o0yXNY2A/rs:fit:380:380:1/plain/images/collections/1/4731/89404027/large_ramka-dlya-zadnej-kamery-silver-iphone-xs-max-2.1000x.jpg
105. Rear camera Glass 镜头玻璃 for Huawei P smart plus MOQ:50,$0.12,https://static.insales-cdn.com/r/Kuuq2QPnPbk/rs:fit:380:380:1/plain/images/collections/1/4748/89404044/large_steklo-zadnej-kamery-iphone-11-s-tolstym-obodkom-1.1000x.jpg
106. Rear camera Glass 镜头玻璃 for Huawei P smart Z MOQ:50,$0.07,https://static.insales-cdn.com/r/rpafX_hMiAE/rs:fit:380:380:1/plain/images/collections/1/4769/89404065/large_f3a63d04c7d09c7f7fe529a6e460e14f_large.jpg
107. Rear camera Glass 镜头玻璃 for Huawei View 30 Pro MOQ:50,$0.07,https://static.insales-cdn.com/r/0x9f-k_V1ek/rs:fit:380:380:1/plain/images/products/1/7063/253959063/large_s-l400.jpg
108. Rear camera Glass 镜头玻璃 for Huawei Y5 2019 MOQ:50,$0.04,https://static.insales-cdn.com/r/sk10CQeF0ao/rs:fit:380:380:1/plain/images/products/1/5309/460625085/large_Screenshot_2021-08-02_at_11.19.35.png
109. Rear camera Glass 镜头玻璃 for Huawei Y6 2018 MOQ:50,$0.06,https://static.insales-cdn.com/assets/1/5664/3724832/1674546397/uk-icon.png
110. Rear camera Glass 镜头玻璃 for Huawei Y6 2019 MOQ:50,$0.05,https://static.insales-cdn.com/assets/1/5664/3724832/1674546397/russia-icon.png
111. Rear camera Glass 镜头玻璃 for Huawei Y6P MOQ:50,$0.06,https://static.insales-cdn.com/assets/1/5664/3724832/1674546397/uk-icon.png
112. Rear camera Glass 镜头玻璃 for Huawei Y7 2019 MOQ:50,$0.04,https://static.insales-cdn.com/assets/1/428/3981740/1685618934/logotype.jpg
113. Rear camera Glass 镜头玻璃 for Huawei Y7 Prime MOQ:50,$0.08,https://static.insales-cdn.com/assets/1/5664/3724832/1674546397/uk-icon.png
114. Rear camera Glass 镜头玻璃 for Huawei Y8P MOQ:50,$0.07,https://static.insales-cdn.com/assets/1/5664/3724832/1674546397/russia-icon.png
115. Rear camera Glass 镜头玻璃 for Huawei Y9S MOQ:50,$0.07,https://static.insales-cdn.com/assets/1/5664/3724832/1674546397/uk-icon.png
116. Rear camera Glass 镜头玻璃 for OPPO A16 MOQ:50,$0.09,https://static.insales-cdn.com/r/Xd7o0yXNY2A/rs:fit:380:380:1/plain/images/collections/1/4731/89404027/large_ramka-dlya-zadnej-kamery-silver-iphone-xs-max-2.1000x.jpg
117. Rear camera Glass 镜头玻璃 for OPPO A5 2020 MOQ:50,$0.07,https://static.insales-cdn.com/r/Kuuq2QPnPbk/rs:fit:380:380:1/plain/images/collections/1/4748/89404044/large_steklo-zadnej-kamery-iphone-11-s-tolstym-obodkom-1.1000x.jpg
118. Rear camera Glass 镜头玻璃 for OPPO A53 MOQ:50,$0.09,https://static.insales-cdn.com/r/rpafX_hMiAE/rs:fit:380:380:1/plain/images/collections/1/4769/89404065/large_f3a63d04c7d09c7f7fe529a6e460e14f_large.jpg
119. Rear camera Glass 镜头玻璃 for OPPO A55 MOQ:50,$0.09,https://static.insales-cdn.com/r/JZ5-OOOqOqs/rs:fit:380:380:1/plain/images/products/1/1778/302262002/large_Untitled.png
120. Rear camera Glass 镜头玻璃 for OPPO A74 MOQ:50,$0.07,https://static.insales-cdn.com/r/nN1P-qvvFQA/rs:fit:380:380:1/plain/images/products/1/2253/376465613/large_4.jpg
121. Rear camera Glass 镜头玻璃 for OPPO Reno 4 MOQ:50,$0.17,https://static.insales-cdn.com/assets/1/5664/3724832/1674546397/uk-icon.png
122. Rear camera Glass 镜头玻璃 for OPPO Reno 5 Lite MOQ:50,$0.07,https://static.insales-cdn.com/assets/1/5664/3724832/1674546397/russia-icon.png
123. Rear camera Glass 镜头玻璃 for OPPO Reno 5 MOQ:50,$0.17,https://static.insales-cdn.com/assets/1/5664/3724832/1674546397/uk-icon.png
124. Rear camera Glass 镜头玻璃 for OPPO Reno 6 MOQ:50,$0.09,https://static.insales-cdn.com/assets/1/428/3981740/1685618934/logotype.jpg
125. Rear camera Glass 镜头玻璃 for OPPO Reno 6 Pro MOQ:50,$0.09,https://static.insales-cdn.com/assets/1/5664/3724832/1674546397/uk-icon.png
126. Rear camera Glass 镜头玻璃 for Realme C11 2021 MOQ:50,$0.07,https://static.insales-cdn.com/assets/1/5664/3724832/1674546397/russia-icon.png
127. Rear camera Glass 镜头玻璃 for Realme C11 MOQ:50,$0.07,https://static.insales-cdn.com/assets/1/5664/3724832/1674546397/uk-icon.png
128. Rear camera Glass 镜头玻璃 for Realme C21 MOQ:50,$0.07,https://static.insales-cdn.com/r/Xd7o0yXNY2A/rs:fit:380:380:1/plain/images/collections/1/4731/89404027/large_ramka-dlya-zadnej-kamery-silver-iphone-xs-max-2.1000x.jpg
129. Rear camera Glass 镜头玻璃 for Samsung A01 / A015 MOQ:50,$0.09,https://static.insales-cdn.com/r/Kuuq2QPnPbk/rs:fit:380:380:1/plain/images/collections/1/4748/89404044/large_steklo-zadnej-kamery-iphone-11-s-tolstym-obodkom-1.1000x.jpg
130. Rear camera Glass 镜头玻璃 for Samsung A01 Core / A013 MOQ:50,$0.05,https://static.insales-cdn.com/r/rpafX_hMiAE/rs:fit:380:380:1/plain/images/collections/1/4769/89404065/large_f3a63d04c7d09c7f7fe529a6e460e14f_large.jpg
131. Rear camera Glass 镜头玻璃 for Samsung A02 / A022 MOQ:50,$0.07,https://static.insales-cdn.com/r/AjcFXzUQ9Es/rs:fit:380:380:1/plain/images/products/1/2396/501885276/large_b81a1d545e481e0ded3a373328f5f412.jpg
132. Rear camera Glass 镜头玻璃 for Samsung A02s / A025 MOQ:50,$0.07,https://static.insales-cdn.com/r/pHyYCtXrk5A/rs:fit:380:380:1/plain/images/products/1/3750/562998950/large_reno5lite.png
133. Rear camera Glass 镜头玻璃 for Samsung A03s / A037 MOQ:50,$0.07,https://static.insales-cdn.com/assets/1/5664/3724832/1674546397/uk-icon.png
134. Rear camera Glass 镜头玻璃 for Samsung A10 / A105 MOQ:50,$0.04,https://static.insales-cdn.com/assets/1/5664/3724832/1674546397/russia-icon.png
135. Rear camera Glass 镜头玻璃 for Samsung A10e / A102 MOQ:50,$0.05,https://static.insales-cdn.com/assets/1/5664/3724832/1674546397/uk-icon.png
136. Rear camera Glass 镜头玻璃 for Samsung A10S / A107FD MOQ:50,$0.04,https://static.insales-cdn.com/assets/1/428/3981740/1685618934/logotype.jpg
137. Rear camera Glass 镜头玻璃 for Samsung A11 / A115 MOQ:50,$0.05,https://static.insales-cdn.com/assets/1/5664/3724832/1674546397/uk-icon.png
138. Rear camera Glass 镜头玻璃 for Samsung A12 / A125 MOQ:50,$0.07,https://static.insales-cdn.com/assets/1/5664/3724832/1674546397/russia-icon.png
139. Rear camera Glass 镜头玻璃 for Samsung A20 / A205 MOQ:50,$0.06,https://static.insales-cdn.com/assets/1/5664/3724832/1674546397/uk-icon.png
140. Rear camera Glass 镜头玻璃 for Samsung A20E / A202 MOQ:50,$0.05,https://static.insales-cdn.com/r/Xd7o0yXNY2A/rs:fit:380:380:1/plain/images/collections/1/4731/89404027/large_ramka-dlya-zadnej-kamery-silver-iphone-xs-max-2.1000x.jpg
141. Rear camera Glass 镜头玻璃 for Samsung A20S / A207F MOQ:50,$0.05,https://static.insales-cdn.com/r/Kuuq2QPnPbk/rs:fit:380:380:1/plain/images/collections/1/4748/89404044/large_steklo-zadnej-kamery-iphone-11-s-tolstym-obodkom-1.1000x.jpg
142. Rear camera Glass 镜头玻璃 for Samsung A21S / A217F MOQ:50,$0.07,https://static.insales-cdn.com/r/rpafX_hMiAE/rs:fit:380:380:1/plain/images/collections/1/4769/89404065/large_f3a63d04c7d09c7f7fe529a6e460e14f_large.jpg
143. Rear camera Glass 镜头玻璃 for Samsung A225 Black MOQ:50,$0.07,https://static.insales-cdn.com/r/JGB2iMh7ulU/rs:fit:380:380:1/plain/images/products/1/3049/520719337/large_WeChat_Image_20220223170952.jpg
144. Rear camera Glass 镜头玻璃 for Samsung A225 White MOQ:50,$0.07,https://static.insales-cdn.com/r/I3EeYaP8dIE/rs:fit:380:380:1/plain/images/products/1/5158/275330086/large_111.jpg
145. Rear camera Glass 镜头玻璃 for Samsung A30 / A305 MOQ:50,$0.05,https://static.insales-cdn.com/assets/1/5664/3724832/1674546397/uk-icon.png
146. Rear camera Glass 镜头玻璃 for Samsung A30S / A307F MOQ:50,$0.05,https://static.insales-cdn.com/assets/1/5664/3724832/1674546397/russia-icon.png
147. Rear camera Glass 镜头玻璃 for Samsung A31 / A315 MOQ:50,$0.07,https://static.insales-cdn.com/assets/1/5664/3724832/1674546397/uk-icon.png
148. Rear camera Glass 镜头玻璃 for Samsung A32 / A325 MOQ:50,$0.17,https://static.insales-cdn.com/assets/1/428/3981740/1685618934/logotype.jpg
149. Rear camera Glass 镜头玻璃 for Samsung A40 / A405F MOQ:50,$0.04,https://static.insales-cdn.com/assets/1/5664/3724832/1674546397/uk-icon.png
150. Rear camera Glass 镜头玻璃 for Samsung A40S / A407F MOQ:50,$0.07,https://static.insales-cdn.com/assets/1/5664/3724832/1674546397/russia-icon.png
151. Rear camera Glass 镜头玻璃 for Samsung A41 / A415 MOQ:50,$0.07,https://static.insales-cdn.com/assets/1/5664/3724832/1674546397/uk-icon.png
152. Rear camera Glass 镜头玻璃 for Samsung A50 / A505F MOQ:50,$0.07,https://static.insales-cdn.com/r/Xd7o0yXNY2A/rs:fit:380:380:1/plain/images/collections/1/4731/89404027/large_ramka-dlya-zadnej-kamery-silver-iphone-xs-max-2.1000x.jpg
153. Rear camera Glass 镜头玻璃 for Samsung A50S / A507F MOQ:50,$0.09,https://static.insales-cdn.com/r/Kuuq2QPnPbk/rs:fit:380:380:1/plain/images/collections/1/4748/89404044/large_steklo-zadnej-kamery-iphone-11-s-tolstym-obodkom-1.1000x.jpg
154. Rear camera Glass 镜头玻璃 for Samsung A51 / A515F MOQ:50,$0.07,https://static.insales-cdn.com/r/rpafX_hMiAE/rs:fit:380:380:1/plain/images/collections/1/4769/89404065/large_f3a63d04c7d09c7f7fe529a6e460e14f_large.jpg
155. Rear camera Glass 镜头玻璃 for Samsung A52 / A536 MOQ:50,$0.17,https://static.insales-cdn.com/r/AT6YBMy1_p0/rs:fit:380:380:1/plain/images/products/1/5136/275330064/large_111.jpg
156. Rear camera Glass 镜头玻璃 for Samsung A6 Plus/ A605 MOQ:50,$0.07,https://static.insales-cdn.com/r/AvWiWWp8lN0/rs:fit:380:380:1/plain/images/products/1/2218/302262442/large_Untitled.png
157. Rear camera Glass 镜头玻璃 for Samsung A70 / A705 MOQ:50,$0.07,https://static.insales-cdn.com/assets/1/5664/3724832/1674546397/uk-icon.png
158. Rear camera Glass 镜头玻璃 for Samsung A70S MOQ:50,$0.09,https://static.insales-cdn.com/assets/1/5664/3724832/1674546397/russia-icon.png
159. Rear camera Glass 镜头玻璃 for Samsung A71 / A715F MOQ:50,$0.07,https://static.insales-cdn.com/assets/1/5664/3724832/1674546397/uk-icon.png
160. Rear camera Glass 镜头玻璃 for Samsung A72 / A725 MOQ:50,$0.17,https://static.insales-cdn.com/assets/1/428/3981740/1685618934/logotype.jpg
161. Rear camera Glass 镜头玻璃 for Samsung M01 Core / M315 MOQ:50,$0.05,https://static.insales-cdn.com/assets/1/5664/3724832/1674546397/uk-icon.png
162. Rear camera Glass 镜头玻璃 for Samsung M02 / M022 MOQ:50,$0.09,https://static.insales-cdn.com/assets/1/5664/3724832/1674546397/russia-icon.png
163. Rear camera Glass 镜头玻璃 for Samsung M10 / M105 MOQ:50,$0.04,https://static.insales-cdn.com/assets/1/5664/3724832/1674546397/uk-icon.png
164. Rear camera Glass 镜头玻璃 for Samsung M10S / M107 MOQ:50,$0.05,https://static.insales-cdn.com/r/Xd7o0yXNY2A/rs:fit:380:380:1/plain/images/collections/1/4731/89404027/large_ramka-dlya-zadnej-kamery-silver-iphone-xs-max-2.1000x.jpg
165. Rear camera Glass 镜头玻璃 for Samsung M20 / M205 MOQ:50,$0.05,https://static.insales-cdn.com/r/Kuuq2QPnPbk/rs:fit:380:380:1/plain/images/collections/1/4748/89404044/large_steklo-zadnej-kamery-iphone-11-s-tolstym-obodkom-1.1000x.jpg
166. Rear camera Glass 镜头玻璃 for Samsung M22 / M225 MOQ:50,$0.07,https://static.insales-cdn.com/r/rpafX_hMiAE/rs:fit:380:380:1/plain/images/collections/1/4769/89404065/large_f3a63d04c7d09c7f7fe529a6e460e14f_large.jpg
167. Rear camera Glass 镜头玻璃 for Samsung M31 / M315 MOQ:50,$0.07,https://static.insales-cdn.com/r/5kAoC8WAnME/rs:fit:380:380:1/plain/images/products/1/5758/607270526/large_A70.jpg
168. Rear camera Glass 镜头玻璃 for Samsung M40 / M405 MOQ:50,$0.07,https://static.insales-cdn.com/r/Hj5IZr7k6RY/rs:fit:380:380:1/plain/images/products/1/2724/302262948/large_Untitled.png
169. Rear camera Glass 镜头玻璃 for Samsung M50 MOQ:50,$0.07,https://static.insales-cdn.com/assets/1/5664/3724832/1674546397/uk-icon.png
170. Rear camera Glass 镜头玻璃 for Samsung M51 MOQ:50,$0.07,https://static.insales-cdn.com/assets/1/5664/3724832/1674546397/russia-icon.png
171. Rear camera Glass 镜头玻璃 for Samsung M71 MOQ:50,$0.07,https://static.insales-cdn.com/assets/1/5664/3724832/1674546397/uk-icon.png
172. Rear camera Glass 镜头玻璃 for Samsung Note 10 / N970 MOQ:50,$0.09,https://static.insales-cdn.com/assets/1/428/3981740/1685618934/logotype.jpg
173. Rear camera Glass 镜头玻璃 for Samsung Note 10 Plus / SD855 MOQ:50,$0.09,https://static.insales-cdn.com/assets/1/5664/3724832/1674546397/uk-icon.png
174. Rear camera Glass 镜头玻璃 for Samsung Note 20 / N980 MOQ:50,$0.10,https://static.insales-cdn.com/assets/1/5664/3724832/1674546397/russia-icon.png
175. Rear camera Glass 镜头玻璃 for Samsung Note 20 Ultra MOQ:50,$0.14,https://static.insales-cdn.com/assets/1/5664/3724832/1674546397/uk-icon.png
176. Rear camera Glass 镜头玻璃 for Samsung Note 8 / N950 MOQ:50,$0.09,https://static.insales-cdn.com/r/Xd7o0yXNY2A/rs:fit:380:380:1/plain/images/collections/1/4731/89404027/large_ramka-dlya-zadnej-kamery-silver-iphone-xs-max-2.1000x.jpg
177. Rear camera Glass 镜头玻璃 for Samsung Note 9 / N960 MOQ:50,$0.09,https://static.insales-cdn.com/r/Kuuq2QPnPbk/rs:fit:380:380:1/plain/images/collections/1/4748/89404044/large_steklo-zadnej-kamery-iphone-11-s-tolstym-obodkom-1.1000x.jpg
178. Rear camera Glass 镜头玻璃 for Samsung S10 5G / G977 MOQ:50,$0.12,https://static.insales-cdn.com/r/rpafX_hMiAE/rs:fit:380:380:1/plain/images/collections/1/4769/89404065/large_f3a63d04c7d09c7f7fe529a6e460e14f_large.jpg
179. Rear camera Glass 镜头玻璃 for Samsung S10E/ G970 MOQ:50,$0.09,https://static.insales-cdn.com/r/xmTOu4c36XQ/rs:fit:380:380:1/plain/images/products/1/3166/601492574/large_a50.jpg
180. Rear camera Glass 镜头玻璃 for Samsung S10 / G973 MOQ:50,$0.09,https://static.insales-cdn.com/r/50eLVYLOMaw/rs:fit:380:380:1/plain/images/products/1/3108/595160100/large_Rear_camera_Glass_Samsung_M51.jpg
181. Rear camera Glass 镜头玻璃 for Samsung S10 Lite / G770 MOQ:50,$0.09,https://static.insales-cdn.com/assets/1/5664/3724832/1674546397/uk-icon.png
182. Rear camera Glass 镜头玻璃 for Samsung S10 Plus / G975 MOQ:50,$0.09,https://static.insales-cdn.com/assets/1/5664/3724832/1674546397/russia-icon.png
183. Rear camera Glass 镜头玻璃 for Samsung S20FE / G780 MOQ:50,$0.09,https://static.insales-cdn.com/assets/1/5664/3724832/1674546397/uk-icon.png
184. Rear camera Glass 镜头玻璃 for Samsung S20 / G980 MOQ:50,$0.10,https://static.insales-cdn.com/assets/1/428/3981740/1685618934/logotype.jpg
185. Rear camera Glass 镜头玻璃 for Samsung S20 Plus / G985 MOQ:50,$0.09,https://static.insales-cdn.com/assets/1/5664/3724832/1674546397/uk-icon.png
186. Rear camera Glass 镜头玻璃 for Samsung S20 Ultra / G988 MOQ:50,$0.10,https://static.insales-cdn.com/assets/1/5664/3724832/1674546397/russia-icon.png
187. Rear camera Glass 镜头玻璃 for Samsung S21 MOQ:50,$0.17,https://static.insales-cdn.com/assets/1/5664/3724832/1674546397/uk-icon.png
188. Rear camera Glass 镜头玻璃 for Samsung S21 Plus MOQ:50,$0.14,https://static.insales-cdn.com/r/Xd7o0yXNY2A/rs:fit:380:380:1/plain/images/collections/1/4731/89404027/large_ramka-dlya-zadnej-kamery-silver-iphone-xs-max-2.1000x.jpg
189. Rear camera Glass 镜头玻璃 for Samsung S21 Ultra / G9980 MOQ:50,$0.17,https://static.insales-cdn.com/r/Kuuq2QPnPbk/rs:fit:380:380:1/plain/images/collections/1/4748/89404044/large_steklo-zadnej-kamery-iphone-11-s-tolstym-obodkom-1.1000x.jpg
190. Rear camera Glass 镜头玻璃 for Samsung S22 MOQ:50,$0.17,https://static.insales-cdn.com/r/rpafX_hMiAE/rs:fit:380:380:1/plain/images/collections/1/4769/89404065/large_f3a63d04c7d09c7f7fe529a6e460e14f_large.jpg
191. Rear camera Glass 镜头玻璃 for Samsung S22 Plus MOQ:50,$0.17,https://static.insales-cdn.com/r/D0FD3fBYk8A/rs:fit:380:380:1/plain/images/products/1/4131/501887011/large_s-l400__1_.jpg
192. Rear camera Glass 镜头玻璃 for Samsung S8 / G950 MOQ:50,$0.05,https://static.insales-cdn.com/r/EkM77nePVmY/rs:fit:380:380:1/plain/images/products/1/4954/275329882/large_111.jpg
193. Rear camera Glass 镜头玻璃 for Samsung S8 Plus / G955 MOQ:50,$0.05,https://static.insales-cdn.com/assets/1/5664/3724832/1674546397/uk-icon.png
194. Rear camera Glass 镜头玻璃 for Samsung S9 / G960 MOQ:50,$0.05,https://static.insales-cdn.com/assets/1/5664/3724832/1674546397/russia-icon.png
195. Rear camera Glass 镜头玻璃 for Samsung S9 Plus / G965 MOQ:50,$0.09,https://static.insales-cdn.com/assets/1/5664/3724832/1674546397/uk-icon.png
196. Rear camera Glass 镜头玻璃 for Vivo V21e MOQ:50,$0.09,https://static.insales-cdn.com/assets/1/428/3981740/1685618934/logotype.jpg
197. Rear camera Glass 镜头玻璃 for Vivo X70 MOQ:50,$0.09,https://static.insales-cdn.com/assets/1/5664/3724832/1674546397/uk-icon.png
198. Rear camera Glass 镜头玻璃 for Vivo X70 Pro + MOQ:50,$0.14,https://static.insales-cdn.com/assets/1/5664/3724832/1674546397/russia-icon.png
199. Rear camera Glass 镜头玻璃 for Vivo Y12 MOQ:50,$0.07,https://static.insales-cdn.com/assets/1/5664/3724832/1674546397/uk-icon.png
200. Rear camera Glass 镜头玻璃 for Vivo Y21 MOQ:50,$0.07,https://static.insales-cdn.com/r/Xd7o0yXNY2A/rs:fit:380:380:1/plain/images/collections/1/4731/89404027/large_ramka-dlya-zadnej-kamery-silver-iphone-xs-max-2.1000x.jpg
201. Rear camera Glass 镜头玻璃 for Vivo Y33s MOQ:50,$0.07,https://static.insales-cdn.com/r/Kuuq2QPnPbk/rs:fit:380:380:1/plain/images/collections/1/4748/89404044/large_steklo-zadnej-kamery-iphone-11-s-tolstym-obodkom-1.1000x.jpg
202. Rear camera Glass 镜头玻璃 for Vivo Y53s MOQ:50,$0.10,https://static.insales-cdn.com/r/rpafX_hMiAE/rs:fit:380:380:1/plain/images/collections/1/4769/89404065/large_f3a63d04c7d09c7f7fe529a6e460e14f_large.jpg
203. Rear camera Glass 镜头玻璃 for Xiaomi Max 3 MOQ:50,$0.07,https://static.insales-cdn.com/r/m84d9vy4gdU/rs:fit:380:380:1/plain/images/products/1/5031/275329959/large_111.jpg
204. Rear camera Glass 镜头玻璃 for Xiaomi Max MOQ:50,$0.03,https://static.insales-cdn.com/r/i5wv5ubFTCs/rs:fit:380:380:1/plain/images/products/1/5097/275330025/large_111.jpg
205. Rear camera Glass 镜头玻璃 for Xiaomi Mi 10 lite MOQ:50,$0.07,https://static.insales-cdn.com/assets/1/5664/3724832/1674546397/uk-icon.png
206. Rear camera Glass 镜头玻璃 for Xiaomi Mi 10 MOQ:50,$0.07,https://static.insales-cdn.com/assets/1/5664/3724832/1674546397/russia-icon.png
207. Rear camera Glass 镜头玻璃 for Xiaomi Mi 10T MOQ:50,$0.07,https://static.insales-cdn.com/assets/1/5664/3724832/1674546397/uk-icon.png
208. Rear camera Glass 镜头玻璃 for Xiaomi Mi 11 Lite MOQ:50,$0.10,https://static.insales-cdn.com/assets/1/428/3981740/1685618934/logotype.jpg
209. Rear camera Glass 镜头玻璃 for Xiaomi Mi 11T MOQ:50,$0.07,https://static.insales-cdn.com/assets/1/5664/3724832/1674546397/uk-icon.png
210. Rear camera Glass 镜头玻璃 for Xiaomi Mi 8 Lite MOQ:50,$0.07,https://static.insales-cdn.com/assets/1/5664/3724832/1674546397/russia-icon.png
211. Rear camera Glass 镜头玻璃 for Xiaomi Mi 8 MOQ:50,$0.07,https://static.insales-cdn.com/assets/1/5664/3724832/1674546397/uk-icon.png
212. Rear camera Glass 镜头玻璃 for Xiaomi Mi 8 SE MOQ:50,$0.07,https://static.insales-cdn.com/r/Xd7o0yXNY2A/rs:fit:380:380:1/plain/images/collections/1/4731/89404027/large_ramka-dlya-zadnej-kamery-silver-iphone-xs-max-2.1000x.jpg
213. Rear camera Glass 镜头玻璃 for Xiaomi Mi 9 Lite MOQ:50,$0.07,https://static.insales-cdn.com/r/Kuuq2QPnPbk/rs:fit:380:380:1/plain/images/collections/1/4748/89404044/large_steklo-zadnej-kamery-iphone-11-s-tolstym-obodkom-1.1000x.jpg
214. Rear camera Glass 镜头玻璃 for Xiaomi Mi 9 MOQ:50,$0.07,https://static.insales-cdn.com/r/rpafX_hMiAE/rs:fit:380:380:1/plain/images/collections/1/4769/89404065/large_f3a63d04c7d09c7f7fe529a6e460e14f_large.jpg
215. Rear camera Glass 镜头玻璃 for Xiaomi Mi 9 SE MOQ:50,$0.07,https://static.insales-cdn.com/r/okR0aiDQONw/rs:fit:380:380:1/plain/images/products/1/6655/546568703/large_10_lite.jpg
216. Rear camera Glass 镜头玻璃 for Xiaomi Mi 9T MOQ:50,$0.05,https://static.insales-cdn.com/r/t3rgCoqLsw0/rs:fit:380:380:1/plain/images/products/1/7040/520723328/large_132405-01.jpg
217. Rear camera Glass 镜头玻璃 for Xiaomi Mi A1 MOQ:50,$0.05,https://static.insales-cdn.com/assets/1/5664/3724832/1674546397/uk-icon.png
218. Rear camera Glass 镜头玻璃 for Xiaomi Mi A2 Lite MOQ:50,$0.07,https://static.insales-cdn.com/assets/1/5664/3724832/1674546397/russia-icon.png
219. Rear camera Glass 镜头玻璃 for Xiaomi Mi A2 MOQ:50,$0.07,https://static.insales-cdn.com/assets/1/5664/3724832/1674546397/uk-icon.png
220. Rear camera Glass 镜头玻璃 for Xiaomi Mi A3 MOQ:50,$0.07,https://static.insales-cdn.com/assets/1/428/3981740/1685618934/logotype.jpg
221. Rear camera Glass 镜头玻璃 for Xiaomi Mi Note 10 Lite MOQ:50,$0.07,https://static.insales-cdn.com/assets/1/5664/3724832/1674546397/uk-icon.png
222. Rear camera Glass 镜头玻璃 for Xiaomi Mi Note 10 MOQ:50,$0.07,https://static.insales-cdn.com/assets/1/5664/3724832/1674546397/russia-icon.png
223. Rear camera Glass 镜头玻璃 for Xiaomi Mi Note 10 Pro MOQ:50,$0.07,https://static.insales-cdn.com/assets/1/5664/3724832/1674546397/uk-icon.png
224. Rear camera Glass 镜头玻璃 for Xiaomi Mi Play MOQ:50,$0.05,https://static.insales-cdn.com/r/Xd7o0yXNY2A/rs:fit:380:380:1/plain/images/collections/1/4731/89404027/large_ramka-dlya-zadnej-kamery-silver-iphone-xs-max-2.1000x.jpg
225. Rear camera Glass 镜头玻璃 for Xiaomi Mix 2S MOQ:50,$0.07,https://static.insales-cdn.com/r/Kuuq2QPnPbk/rs:fit:380:380:1/plain/images/collections/1/4748/89404044/large_steklo-zadnej-kamery-iphone-11-s-tolstym-obodkom-1.1000x.jpg
226. Rear camera Glass 镜头玻璃 for Xiaomi Note 10 MOQ:50,$0.07,https://static.insales-cdn.com/r/rpafX_hMiAE/rs:fit:380:380:1/plain/images/collections/1/4769/89404065/large_f3a63d04c7d09c7f7fe529a6e460e14f_large.jpg
227. Rear camera Glass 镜头玻璃 for Xiaomi Pocofone F1 MOQ:50,$0.05,https://static.insales-cdn.com/r/6f0XJM3gWsM/rs:fit:380:380:1/plain/images/products/1/6031/253958031/large_%D0%91%D0%B5%D0%B7%D1%8B%D0%BC%D1%8F%D0%BD%D0%BD%D1%8B%D0%B9.png
228. Rear camera Glass 镜头玻璃 for Xiaomi Pocofone M2 MOQ:50,$0.05,https://static.insales-cdn.com/r/93gblhYph2g/rs:fit:380:380:1/plain/images/products/1/1940/352733076/large_1545096600.jpg
229. Rear camera Glass 镜头玻璃 for Xiaomi Pocofone M2 Pro MOQ:50,$0.07,https://static.insales-cdn.com/assets/1/5664/3724832/1674546397/uk-icon.png
230. Rear camera Glass 镜头玻璃 for Xiaomi Pocofone M3 MOQ:50,$0.07,https://static.insales-cdn.com/assets/1/5664/3724832/1674546397/russia-icon.png
231. Rear camera Glass 镜头玻璃 for Xiaomi Pocofone M3 Pro MOQ:50,$0.07,https://static.insales-cdn.com/assets/1/5664/3724832/1674546397/uk-icon.png
232. Rear camera Glass 镜头玻璃 for Xiaomi Pocofone M4 Pro 5G MOQ:50,$0.10,https://static.insales-cdn.com/assets/1/428/3981740/1685618934/logotype.jpg
233. Rear camera Glass 镜头玻璃 for Xiaomi Pocofone M4 Pro MOQ:50,$0.14,https://static.insales-cdn.com/assets/1/5664/3724832/1674546397/uk-icon.png
234. Rear camera Glass 镜头玻璃 for Xiaomi Pocofone X2 MOQ:50,$0.07,https://static.insales-cdn.com/assets/1/5664/3724832/1674546397/russia-icon.png
235. Rear camera Glass 镜头玻璃 for Xiaomi Pocofone X3 MOQ:50,$0.07,https://static.insales-cdn.com/assets/1/5664/3724832/1674546397/uk-icon.png
236. Rear camera Glass 镜头玻璃 for Xiaomi Pocofone X4 Pro 5G MOQ:50,$0.15,https://static.insales-cdn.com/r/Xd7o0yXNY2A/rs:fit:380:380:1/plain/images/collections/1/4731/89404027/large_ramka-dlya-zadnej-kamery-silver-iphone-xs-max-2.1000x.jpg
237. Rear camera Glass 镜头玻璃 for Xiaomi Redmi 10C MOQ:50,$0.07,https://static.insales-cdn.com/r/Kuuq2QPnPbk/rs:fit:380:380:1/plain/images/collections/1/4748/89404044/large_steklo-zadnej-kamery-iphone-11-s-tolstym-obodkom-1.1000x.jpg
238. Rear camera Glass 镜头玻璃 for Xiaomi Redmi 10 MOQ:50,$0.07,https://static.insales-cdn.com/r/rpafX_hMiAE/rs:fit:380:380:1/plain/images/collections/1/4769/89404065/large_f3a63d04c7d09c7f7fe529a6e460e14f_large.jpg
239. Rear camera Glass 镜头玻璃 for Xiaomi Redmi 5 MOQ:50,$0.03,https://static.insales-cdn.com/r/NUyvJ-0A55Q/rs:fit:380:380:1/plain/images/products/1/3697/595160689/large_Rear_camera_Glass_Xiaomi_Pocophone_M2_Pro.jpg
240. Rear camera Glass 镜头玻璃 for Xiaomi Redmi 5 Plus MOQ:50,$0.03,https://static.insales-cdn.com/r/nFyAPaipXPQ/rs:fit:380:380:1/plain/images/products/1/1226/442492106/large_Screenshot_2021-05-28_at_15.24.11.png
241. Rear camera Glass 镜头玻璃 for Xiaomi Redmi 6A MOQ:50,$0.03,https://static.insales-cdn.com/assets/1/5664/3724832/1674546397/uk-icon.png
242. Rear camera Glass 镜头玻璃 for Xiaomi Redmi 6 MOQ:50,$0.03,https://static.insales-cdn.com/assets/1/5664/3724832/1674546397/russia-icon.png
243. Rear camera Glass 镜头玻璃 for Xiaomi Redmi 6 Pro MOQ:50,$0.07,https://static.insales-cdn.com/assets/1/5664/3724832/1674546397/uk-icon.png
244. Rear camera Glass 镜头玻璃 for Xiaomi Redmi 7a MOQ:50,$0.05,https://static.insales-cdn.com/assets/1/428/3981740/1685618934/logotype.jpg
245. Rear camera Glass 镜头玻璃 for Xiaomi Redmi 7 MOQ:50,$0.05,https://static.insales-cdn.com/assets/1/5664/3724832/1674546397/uk-icon.png
246. Rear camera Glass 镜头玻璃 for Xiaomi Redmi 8a MOQ:50,$0.05,https://static.insales-cdn.com/assets/1/5664/3724832/1674546397/russia-icon.png
247. Rear camera Glass 镜头玻璃 for Xiaomi Redmi 8 MOQ:50,$0.05,https://static.insales-cdn.com/assets/1/5664/3724832/1674546397/uk-icon.png
248. Rear camera Glass 镜头玻璃 for Xiaomi Redmi 8T MOQ:50,$0.05,https://static.insales-cdn.com/r/Xd7o0yXNY2A/rs:fit:380:380:1/plain/images/collections/1/4731/89404027/large_ramka-dlya-zadnej-kamery-silver-iphone-xs-max-2.1000x.jpg
249. Rear camera Glass 镜头玻璃 for Xiaomi Redmi 9A MOQ:50,$0.05,https://static.insales-cdn.com/r/Kuuq2QPnPbk/rs:fit:380:380:1/plain/images/collections/1/4748/89404044/large_steklo-zadnej-kamery-iphone-11-s-tolstym-obodkom-1.1000x.jpg
250. Rear camera Glass 镜头玻璃 for Xiaomi Redmi 9C MOQ:50,$0.07,https://static.insales-cdn.com/r/rpafX_hMiAE/rs:fit:380:380:1/plain/images/collections/1/4769/89404065/large_f3a63d04c7d09c7f7fe529a6e460e14f_large.jpg
251. Rear camera Glass 镜头玻璃 for Xiaomi Redmi 9 MOQ:50,$0.07,https://static.insales-cdn.com/r/chrQ8V7gCiI/rs:fit:380:380:1/plain/images/products/1/6370/253753570/large_%D0%91%D0%B5%D0%B7%D1%8B%D0%BC%D1%8F%D0%BD%D0%BD%D1%8B%D0%B9.png
252. Rear camera Glass 镜头玻璃 for Xiaomi Redmi K40 MOQ:50,$0.07,https://static.insales-cdn.com/r/wVRMTGL8nSc/rs:fit:380:380:1/plain/images/products/1/1761/546572001/large_mi_6.jpg
253. Rear camera Glass 镜头玻璃 for Xiaomi Redmi K50 MOQ:50,$0.09,https://static.insales-cdn.com/assets/1/5664/3724832/1674546397/uk-icon.png
254. Rear camera Glass 镜头玻璃 for Xiaomi Redmi Note 10 5G MOQ:50,$0.07,https://static.insales-cdn.com/assets/1/5664/3724832/1674546397/russia-icon.png
255. Rear camera Glass 镜头玻璃 for Xiaomi Redmi Note 10 MOQ:50,$0.07,https://static.insales-cdn.com/assets/1/5664/3724832/1674546397/uk-icon.png
256. Rear camera Glass 镜头玻璃 for Xiaomi Redmi Note 10 Pro MOQ:50,$0.07,https://static.insales-cdn.com/assets/1/428/3981740/1685618934/logotype.jpg
257. Rear camera Glass 镜头玻璃 for Xiaomi Redmi Note 10s MOQ:50,$0.07,https://static.insales-cdn.com/assets/1/5664/3724832/1674546397/uk-icon.png
258. Rear camera Glass 镜头玻璃 for Xiaomi Redmi Note 10T MOQ:50,$0.07,https://static.insales-cdn.com/assets/1/5664/3724832/1674546397/russia-icon.png
259. Rear camera Glass 镜头玻璃 for Xiaomi Redmi Note 11 MOQ:50,$0.07,https://static.insales-cdn.com/assets/1/5664/3724832/1674546397/uk-icon.png
260. Rear camera Glass 镜头玻璃 for Xiaomi Redmi Note 11 Pro MOQ:50,$0.10,https://static.insales-cdn.com/r/Xd7o0yXNY2A/rs:fit:380:380:1/plain/images/collections/1/4731/89404027/large_ramka-dlya-zadnej-kamery-silver-iphone-xs-max-2.1000x.jpg
261. Rear camera Glass 镜头玻璃 for Xiaomi Redmi Note 11S MOQ:50,$0.10,https://static.insales-cdn.com/r/Kuuq2QPnPbk/rs:fit:380:380:1/plain/images/collections/1/4748/89404044/large_steklo-zadnej-kamery-iphone-11-s-tolstym-obodkom-1.1000x.jpg
262. Rear camera Glass 镜头玻璃 for Xiaomi Redmi Note 11T MOQ:50,$0.10,https://static.insales-cdn.com/r/rpafX_hMiAE/rs:fit:380:380:1/plain/images/collections/1/4769/89404065/large_f3a63d04c7d09c7f7fe529a6e460e14f_large.jpg
263. Rear camera Glass 镜头玻璃 for Xiaomi Redmi Note 4 MOQ:50,$0.03,https://static.insales-cdn.com/r/vo-ouDawtEw/rs:fit:380:380:1/plain/images/products/1/6117/595187685/large_Rear_camera_Glass_Xiaomi_Redmi_K50.jpg
264. Rear camera Glass 镜头玻璃 for Xiaomi Redmi Note 5 MOQ:50,$0.03,https://static.insales-cdn.com/r/79WL7m9AjZI/rs:fit:380:380:1/plain/images/products/1/2354/520726834/large_4f1558b517c892a4c9e6fb0bc1a5ca3871d9739d_1024_1024.jpeg
265. Rear camera Glass 镜头玻璃 for Xiaomi Redmi Note 5 Pro MOQ:50,$0.07,https://static.insales-cdn.com/assets/1/5664/3724832/1674546397/uk-icon.png
266. Rear camera Glass 镜头玻璃 for Xiaomi Redmi Note 6 MOQ:50,$0.07,https://static.insales-cdn.com/assets/1/5664/3724832/1674546397/russia-icon.png
267. Rear camera Glass 镜头玻璃 for Xiaomi Redmi Note 6 Pro MOQ:50,$0.07,https://static.insales-cdn.com/assets/1/5664/3724832/1674546397/uk-icon.png
268. Rear camera Glass 镜头玻璃 for Xiaomi Redmi Note 7 MOQ:50,$0.04,https://static.insales-cdn.com/assets/1/428/3981740/1685618934/logotype.jpg
269. Rear camera Glass 镜头玻璃 for Xiaomi Redmi Note 7 Pro MOQ:50,$0.04,https://static.insales-cdn.com/assets/1/5664/3724832/1674546397/uk-icon.png
270. Rear camera Glass 镜头玻璃 for Xiaomi Redmi Note 8 MOQ:50,$0.07,https://static.insales-cdn.com/assets/1/5664/3724832/1674546397/russia-icon.png
271. Rear camera Glass 镜头玻璃 for Xiaomi Redmi Note 8 Pro MOQ:50,$0.07,https://static.insales-cdn.com/assets/1/5664/3724832/1674546397/uk-icon.png
272. Rear camera Glass 镜头玻璃 for Xiaomi Redmi Note 8T MOQ:50,$0.07,https://static.insales-cdn.com/r/Xd7o0yXNY2A/rs:fit:380:380:1/plain/images/collections/1/4731/89404027/large_ramka-dlya-zadnej-kamery-silver-iphone-xs-max-2.1000x.jpg
273. Rear camera Glass 镜头玻璃 for Xiaomi Redmi Note 9 MOQ:50,$0.06,https://static.insales-cdn.com/r/Kuuq2QPnPbk/rs:fit:380:380:1/plain/images/collections/1/4748/89404044/large_steklo-zadnej-kamery-iphone-11-s-tolstym-obodkom-1.1000x.jpg
274. Rear camera Glass 镜头玻璃 for Xiaomi Redmi Note 9 Pro MOQ:50,$0.06,https://static.insales-cdn.com/r/rpafX_hMiAE/rs:fit:380:380:1/plain/images/collections/1/4769/89404065/large_f3a63d04c7d09c7f7fe529a6e460e14f_large.jpg
275. Rear camera Glass 镜头玻璃 for Xiaomi Redmi Note 9S MOQ:50,$0.06,https://static.insales-cdn.com/r/12-1I25POVs/rs:fit:380:380:1/plain/images/products/1/3187/276253811/large_Untitled.png
276. Rear camera Glass 镜头玻璃 for Xiaomi Redmi Note 9t MOQ:50,$0.06,https://static.insales-cdn.com/r/Jboxg-QrbSk/rs:fit:380:380:1/plain/images/products/1/3549/276254173/large_Untitled.png
277. Rear camera Glass 镜头玻璃 for Xiaomi Redmi S2 MOQ:50,$0.07,https://static.insales-cdn.com/assets/1/5664/3724832/1674546397/uk-icon.png
278. Rear camera Glass 镜头玻璃 Ori New 新 for Apple iPhone 11 MOQ:50 [2Pcs Set],$0.68,https://static.insales-cdn.com/assets/1/5664/3724832/1674546397/russia-icon.png
279. Rear camera Glass 镜头玻璃 Ori New 新 for Apple iPhone 11 Pro / 11 Pro Max MOQ:50 [3Pcs Set],$1.54,https://static.insales-cdn.com/assets/1/5664/3724832/1674546397/uk-icon.png
280. Rear camera Glass 镜头玻璃 Ori New 新 for Apple iPhone 12 / 12 mini MOQ:50 [2Pcs Set],$0.68,https://static.insales-cdn.com/assets/1/428/3981740/1685618934/logotype.jpg
281. Rear camera Glass 镜头玻璃 Ori New 新 for Apple iPhone 12 Pro Max MOQ:50 [3Pcs Set],$1.54,https://static.insales-cdn.com/assets/1/5664/3724832/1674546397/uk-icon.png
282. Rear camera Glass 镜头玻璃 Ori New 新 for Apple iPhone 12 Pro MOQ:50 [3Pcs Set],$1.11,https://static.insales-cdn.com/assets/1/5664/3724832/1674546397/russia-icon.png
283. Rear camera Glass 镜头玻璃 Ori New 新 for Apple iPhone 13 / 13 mini MOQ:50 [2Pcs Set],$0.77,https://static.insales-cdn.com/assets/1/5664/3724832/1674546397/uk-icon.png
284. Rear camera Glass 镜头玻璃 Ori New 新 for Apple iPhone 13 Pro / 13 Pro Max MOQ:50 [3Pcs Set],$1.45,https://static.insales-cdn.com/r/Xd7o0yXNY2A/rs:fit:380:380:1/plain/images/collections/1/4731/89404027/large_ramka-dlya-zadnej-kamery-silver-iphone-xs-max-2.1000x.jpg
285. Rear camera Glass 镜头玻璃 Ori New 新 for Apple iPhone 14 / 14 Plus MOQ:50 [2Pcs Set],$1.11,https://static.insales-cdn.com/r/Kuuq2QPnPbk/rs:fit:380:380:1/plain/images/collections/1/4748/89404044/large_steklo-zadnej-kamery-iphone-11-s-tolstym-obodkom-1.1000x.jpg
286. Rear camera Glass 镜头玻璃 Ori New 新 for Apple iPhone 14 Pro / 14 Pro Max MOQ:50 [3Pcs Set],$2.14,https://static.insales-cdn.com/r/rpafX_hMiAE/rs:fit:380:380:1/plain/images/collections/1/4769/89404065/large_f3a63d04c7d09c7f7fe529a6e460e14f_large.jpg
287. Rear camera Glass 镜头玻璃 Ori New 新 for Apple iPhone 6 / 6S MOQ:100,$0.17,https://static.insales-cdn.com/r/YZ4dwL4WxmE/rs:fit:380:380:1/plain/images/products/1/3030/253742038/large_%D0%91%D0%B5%D0%B7%D1%8B%D0%BC%D1%8F%D0%BD%D0%BD%D1%8B%D0%B9.png
288. Rear camera Glass 镜头玻璃 Ori New 新 for Apple iPhone 6 Plus / 6s Plus MOQ:100,$0.26,https://static.insales-cdn.com/r/S2UIxP9W8e8/rs:fit:380:380:1/plain/images/products/1/7075/426515363/large_1.jpg
289. Rear camera Glass 镜头玻璃 Ori New 新 for Apple iPhone 7 / 8 MOQ:100,$0.26,https://static.insales-cdn.com/assets/1/5664/3724832/1674546397/uk-icon.png
290. Rear camera Glass 镜头玻璃 Ori New 新 for Apple iPhone 7 Plus / 8 Plus MOQ:100,$0.77,https://static.insales-cdn.com/assets/1/5664/3724832/1674546397/russia-icon.png
291. Rear camera Glass 镜头玻璃 Ori New 新 for Apple iPhone X MOQ:100,$0.86,https://static.insales-cdn.com/assets/1/5664/3724832/1674546397/uk-icon.png
292. Rear camera Glass 镜头玻璃 Ori New 新 for Apple iPhone XR MOQ:100,$0.51,https://static.insales-cdn.com/assets/1/428/3981740/1685618934/logotype.jpg
293. Rear camera Glass 镜头玻璃 Ori New 新 for Apple iPhone XS / Xs Max MOQ:100,$1.03,https://static.insales-cdn.com/assets/1/5664/3724832/1674546397/uk-icon.png
294. Rear camera Glass 镜头玻璃 Used 拆 for Apple iPhone 11 MOQ:50 [2Pcs Set],$0.48,https://static.insales-cdn.com/assets/1/5664/3724832/1674546397/russia-icon.png
295. Rear camera Glass 镜头玻璃 Used 拆 for Apple iPhone 11 Pro / 11 Pro Max MOQ:50 [3Pcs Set],$0.94,https://static.insales-cdn.com/assets/1/5664/3724832/1674546397/uk-icon.png
296. Rear camera Glass 镜头玻璃 Used 拆 for Apple iPhone 12 / 12 mini 2Pcs Set MOQ:10,$0.60,https://static.insales-cdn.com/r/Xd7o0yXNY2A/rs:fit:380:380:1/plain/images/collections/1/4731/89404027/large_ramka-dlya-zadnej-kamery-silver-iphone-xs-max-2.1000x.jpg
297. Rear camera Glass 镜头玻璃 Used 拆 for Apple iPhone 12 Pro Max MOQ:50 [3Pcs Set],$1.11,https://static.insales-cdn.com/r/Kuuq2QPnPbk/rs:fit:380:380:1/plain/images/collections/1/4748/89404044/large_steklo-zadnej-kamery-iphone-11-s-tolstym-obodkom-1.1000x.jpg
298. Rear camera Glass 镜头玻璃 Used 拆 for Apple iPhone 12 Pro MOQ:50 [3Pcs Set],$0.94,https://static.insales-cdn.com/r/rpafX_hMiAE/rs:fit:380:380:1/plain/images/collections/1/4769/89404065/large_f3a63d04c7d09c7f7fe529a6e460e14f_large.jpg
299. Rear camera Glass 镜头玻璃 Used 拆 for Apple iPhone 13 / 13 mini MOQ:50 [2Pcs Set],$0.60,https://static.insales-cdn.com/r/6Xw-KsMCkOo/rs:fit:380:380:1/plain/images/products/1/5437/323876157/large_3.jpg
300. Rear camera Glass 镜头玻璃 Used 拆 for Apple iPhone 13 Pro / 13 Pro Max MOQ:50 [3Pcs Set],$1.28,https://static.insales-cdn.com/r/WEU51yTG3KU/rs:fit:380:380:1/plain/images/products/1/5414/323876134/large_4.jpg
301. Rear camera Glass 镜头玻璃 Used 拆 for Apple iPhone 6 / 6S MOQ:100,$0.14,https://static.insales-cdn.com/assets/1/5664/3724832/1674546397/uk-icon.png
302. Rear camera Glass 镜头玻璃 Used 拆 for Apple iPhone 6 Plus / 6s Plus MOQ:100,$0.21,https://static.insales-cdn.com/assets/1/5664/3724832/1674546397/russia-icon.png
303. Rear camera Glass 镜头玻璃 Used 拆 for Apple iPhone 7 / 8 MOQ:100,$0.14,https://static.insales-cdn.com/assets/1/5664/3724832/1674546397/uk-icon.png
304. Rear camera Glass 镜头玻璃 Used 拆 for Apple iPhone 7 Plus / 8 Plus MOQ:100,$0.48,https://static.insales-cdn.com/assets/1/428/3981740/1685618934/logotype.jpg
305. Rear camera Glass 镜头玻璃 Used 拆 for Apple iPhone X MOQ:100,$0.56,https://static.insales-cdn.com/assets/1/5664/3724832/1674546397/uk-icon.png
306. Rear camera Glass 镜头玻璃 Used 拆 for Apple iPhone XR MOQ:100,$0.22,https://static.insales-cdn.com/assets/1/5664/3724832/1674546397/russia-icon.png
307. Rear camera Glass 镜头玻璃 Used 拆 for Apple iPhone XS / Xs Max MOQ:100,$0.65,https://static.insales-cdn.com/assets/1/5664/3724832/1674546397/uk-icon.png
308. Rear camera Ring 铁圈 for Apple iPhone 11 MOQ:100 Black [2Pcs Set],$0.17,https://static.insales-cdn.com/r/Xd7o0yXNY2A/rs:fit:380:380:1/plain/images/collections/1/4731/89404027/large_ramka-dlya-zadnej-kamery-silver-iphone-xs-max-2.1000x.jpg
309. Rear camera Ring 铁圈 for Apple iPhone 11 MOQ:100 Green [2Pcs Set],$0.17,https://static.insales-cdn.com/r/Kuuq2QPnPbk/rs:fit:380:380:1/plain/images/collections/1/4748/89404044/large_steklo-zadnej-kamery-iphone-11-s-tolstym-obodkom-1.1000x.jpg
310. Rear camera Ring 铁圈 for Apple iPhone 11 MOQ:100 Purple [2Pcs Set],$0.17,https://static.insales-cdn.com/r/rpafX_hMiAE/rs:fit:380:380:1/plain/images/collections/1/4769/89404065/large_f3a63d04c7d09c7f7fe529a6e460e14f_large.jpg
311. Rear camera Ring 铁圈 for Apple iPhone 11 MOQ:100 Red [2Pcs Set],$0.17,https://static.insales-cdn.com/r/KCjp4ZlHv-M/rs:fit:380:380:1/plain/images/products/1/6149/488912901/large_2.jpg
312. Rear camera Ring 铁圈 for Apple iPhone 11 MOQ:100 White [2Pcs Set],$0.17,https://static.insales-cdn.com/r/51zOyIjDVEM/rs:fit:380:380:1/plain/images/products/1/6078/488912830/large_2.jpg
313. Rear camera Ring 铁圈 for Apple iPhone 11 MOQ:100 Yellow [2Pcs Set],$0.17,https://static.insales-cdn.com/assets/1/5664/3724832/1674546397/uk-icon.png
314. Rear camera Ring 铁圈 for Apple iPhone 11 Pro / 11 Pro Max MOQ:50 Black [3Pcs Set],$0.51,https://static.insales-cdn.com/assets/1/5664/3724832/1674546397/russia-icon.png
315. Rear camera Ring 铁圈 for Apple iPhone 11 Pro / 11 Pro Max MOQ:50 Gold [3Pcs Set],$0.51,https://static.insales-cdn.com/assets/1/5664/3724832/1674546397/uk-icon.png
316. Rear camera Ring 铁圈 for Apple iPhone 11 Pro / 11 Pro Max MOQ:50 Green [3Pcs Set],$0.51,https://static.insales-cdn.com/assets/1/428/3981740/1685618934/logotype.jpg
317. Rear camera Ring 铁圈 for Apple iPhone 11 Pro / 11 Pro Max MOQ:50 White [3Pcs Set],$0.51,https://static.insales-cdn.com/assets/1/5664/3724832/1674546397/uk-icon.png
318. Rear camera Ring 铁圈 for Apple iPhone 12 / 12 mini MOQ:100 Black [2Pcs Set],$0.21,https://static.insales-cdn.com/assets/1/5664/3724832/1674546397/russia-icon.png
319. Rear camera Ring 铁圈 for Apple iPhone 12 / 12 mini MOQ:100 Blue [2Pcs Set],$0.21,https://static.insales-cdn.com/assets/1/5664/3724832/1674546397/uk-icon.png
320. Rear camera Ring 铁圈 for Apple iPhone 12 / 12 mini MOQ:100 Green [2Pcs Set],$0.21,https://static.insales-cdn.com/r/Xd7o0yXNY2A/rs:fit:380:380:1/plain/images/collections/1/4731/89404027/large_ramka-dlya-zadnej-kamery-silver-iphone-xs-max-2.1000x.jpg
321. Rear camera Ring 铁圈 for Apple iPhone 12 / 12 mini MOQ:100 Purple [2Pcs Set],$0.21,https://static.insales-cdn.com/r/Kuuq2QPnPbk/rs:fit:380:380:1/plain/images/collections/1/4748/89404044/large_steklo-zadnej-kamery-iphone-11-s-tolstym-obodkom-1.1000x.jpg
322. Rear camera Ring 铁圈 for Apple iPhone 12 / 12 mini MOQ:100 Red [2Pcs Set],$0.21,https://static.insales-cdn.com/r/rpafX_hMiAE/rs:fit:380:380:1/plain/images/collections/1/4769/89404065/large_f3a63d04c7d09c7f7fe529a6e460e14f_large.jpg
323. Rear camera Ring 铁圈 for Apple iPhone 12 / 12 mini MOQ:100 White [2Pcs Set],$0.21,https://static.insales-cdn.com/r/fYFG898tm2M/rs:fit:380:380:1/plain/images/products/1/7360/323878080/large_Hee49a1b64eab4540b16cd618b9be2833Z.jpg
324. Rear camera Ring 铁圈 for Apple iPhone 12 Pro Max MOQ:50 Black [3Pcs Set],$0.77,https://static.insales-cdn.com/r/arR6dcxlTGA/rs:fit:380:380:1/plain/images/products/1/7179/323877899/large_Hee49a1b64eab4540b16cd618b9be2833Z.jpg
325. Rear camera Ring 铁圈 for Apple iPhone 12 Pro Max MOQ:50 Blue [3Pcs Set],$0.77,https://static.insales-cdn.com/assets/1/5664/3724832/1674546397/uk-icon.png
326. Rear camera Ring 铁圈 for Apple iPhone 12 Pro Max MOQ:50 Gold [3Pcs Set],$0.77,https://static.insales-cdn.com/assets/1/5664/3724832/1674546397/russia-icon.png
327. Rear camera Ring 铁圈 for Apple iPhone 12 Pro Max MOQ:50 White [3Pcs Set],$0.77,https://static.insales-cdn.com/assets/1/5664/3724832/1674546397/uk-icon.png
328. Rear camera Ring 铁圈 for Apple iPhone 12 Pro MOQ:50 Black [3Pcs Set],$0.67,https://static.insales-cdn.com/assets/1/428/3981740/1685618934/logotype.jpg
329. Rear camera Ring 铁圈 for Apple iPhone 12 Pro MOQ:50 Blue [3Pcs Set],$0.67,https://static.insales-cdn.com/assets/1/5664/3724832/1674546397/uk-icon.png
330. Rear camera Ring 铁圈 for Apple iPhone 12 Pro MOQ:50 Gold [3Pcs Set],$0.67,https://static.insales-cdn.com/assets/1/5664/3724832/1674546397/russia-icon.png
331. Rear camera Ring 铁圈 for Apple iPhone 12 Pro MOQ:50 White [3Pcs Set],$0.67,https://static.insales-cdn.com/assets/1/5664/3724832/1674546397/uk-icon.png
332. Rear camera Ring 铁圈 for Apple iPhone 13 / 13 mini MOQ:100 Black [2Pcs Set],$0.31,https://static.insales-cdn.com/r/Xd7o0yXNY2A/rs:fit:380:380:1/plain/images/collections/1/4731/89404027/large_ramka-dlya-zadnej-kamery-silver-iphone-xs-max-2.1000x.jpg
333. Rear camera Ring 铁圈 for Apple iPhone 13 / 13 mini MOQ:100 Blue [2Pcs Set],$0.31,https://static.insales-cdn.com/r/Kuuq2QPnPbk/rs:fit:380:380:1/plain/images/collections/1/4748/89404044/large_steklo-zadnej-kamery-iphone-11-s-tolstym-obodkom-1.1000x.jpg
334. Rear camera Ring 铁圈 for Apple iPhone 13 / 13 mini MOQ:100 Green [2Pcs Set],$0.31,https://static.insales-cdn.com/r/rpafX_hMiAE/rs:fit:380:380:1/plain/images/collections/1/4769/89404065/large_f3a63d04c7d09c7f7fe529a6e460e14f_large.jpg
335. Rear camera Ring 铁圈 for Apple iPhone 13 / 13 mini MOQ:100 Red [2Pcs Set],$0.31,https://static.insales-cdn.com/r/4Mo3XVpgzRs/rs:fit:380:380:1/plain/images/products/1/1651/488916595/large_H2a22b36a204b492f8e3618dad10c9c74g.jpg
336. Rear camera Ring 铁圈 for Apple iPhone 13/ 13 mini MOQ:100 White [2Pcs Set],$0.31,https://static.insales-cdn.com/r/bhAntkMZUT0/rs:fit:380:380:1/plain/images/products/1/1545/488916489/large_Hefcdc620b232447fb430d9f3fc4849a8U.jpg
337. Rear camera Ring 铁圈 for Apple iPhone 13 / 13 mini Pink MOQ:100 [2Pcs Set],$0.31,https://static.insales-cdn.com/assets/1/5664/3724832/1674546397/uk-icon.png
338. Rear camera Ring 铁圈 for Apple iPhone 13 Pro / 13 Pro Max MOQ:50 Black [3Pcs Set],$0.67,https://static.insales-cdn.com/assets/1/5664/3724832/1674546397/russia-icon.png
339. Rear camera Ring 铁圈 for Apple iPhone 13 Pro / 13 Pro Max MOQ:50 Blue [3Pcs Set],$0.67,https://static.insales-cdn.com/assets/1/5664/3724832/1674546397/uk-icon.png
340. Rear camera Ring 铁圈 for Apple iPhone 13 Pro / 13 Pro Max MOQ:50 Green [3Pcs Set],$0.67,https://static.insales-cdn.com/assets/1/428/3981740/1685618934/logotype.jpg
341. Rear camera Ring 铁圈 for Apple iPhone 13 Pro / 13 Pro Max MOQ:50 Red [3Pcs Set],$0.67,https://static.insales-cdn.com/assets/1/5664/3724832/1674546397/uk-icon.png
342. Rear camera Ring 铁圈 for Apple iPhone 13 Pro / 13 Pro Max MOQ:50 White [3Pcs Set],$0.67,https://static.insales-cdn.com/assets/1/5664/3724832/1674546397/russia-icon.png
343. Rear camera Ring 铁圈 for Apple iPhone 8G MOQ:100 Black,$0.10,https://static.insales-cdn.com/assets/1/5664/3724832/1674546397/uk-icon.png
344. Rear camera Ring 铁圈 for Apple iPhone 8G MOQ:100 Gold,$0.10,https://static.insales-cdn.com/r/Xd7o0yXNY2A/rs:fit:380:380:1/plain/images/collections/1/4731/89404027/large_ramka-dlya-zadnej-kamery-silver-iphone-xs-max-2.1000x.jpg
345. Rear camera Ring 铁圈 for Apple iPhone 8G MOQ:100 Red,$0.10,https://static.insales-cdn.com/r/Kuuq2QPnPbk/rs:fit:380:380:1/plain/images/collections/1/4748/89404044/large_steklo-zadnej-kamery-iphone-11-s-tolstym-obodkom-1.1000x.jpg
346. Rear camera Ring 铁圈 for Apple iPhone 8G MOQ:100 White,$0.10,https://static.insales-cdn.com/r/rpafX_hMiAE/rs:fit:380:380:1/plain/images/collections/1/4769/89404065/large_f3a63d04c7d09c7f7fe529a6e460e14f_large.jpg
347. Rear camera Ring 铁圈 for Apple iPhone 8 Plus MOQ:100 Black,$0.14,https://static.insales-cdn.com/r/ETBA0tjIn8A/rs:fit:380:380:1/plain/images/products/1/4225/529371265/large_Rear_camera_Frame_mini_pink.jpg
348. Rear camera Ring 铁圈 for Apple iPhone 8 Plus MOQ:100 Gold,$0.14,https://static.insales-cdn.com/r/hf-Yw1dDE2A/rs:fit:380:380:1/plain/images/products/1/4019/529412019/large_Rear_camera_Frame_13_Pro_White.jpg
349. Rear camera Ring 铁圈 for Apple iPhone 8 Plus MOQ:100 Red,$0.14,https://static.insales-cdn.com/assets/1/5664/3724832/1674546397/uk-icon.png
350. Rear camera Ring 铁圈 for Apple iPhone 8 Plus MOQ:100 White,$0.14,https://static.insales-cdn.com/assets/1/5664/3724832/1674546397/russia-icon.png
351. Rear camera Ring 铁圈 for Apple iPhone X MOQ:100 Black,$0.15,https://static.insales-cdn.com/assets/1/5664/3724832/1674546397/uk-icon.png
352. Rear camera Ring 铁圈 for Apple iPhone X MOQ:100 Silver,$0.15,https://static.insales-cdn.com/assets/1/428/3981740/1685618934/logotype.jpg
353. Rear camera Ring 铁圈 for Apple iPhone XR MOQ:100 Black,$0.14,https://static.insales-cdn.com/assets/1/5664/3724832/1674546397/uk-icon.png
354. Rear camera Ring 铁圈 for Apple iPhone XR MOQ:100 Blue,$0.14,https://static.insales-cdn.com/assets/1/5664/3724832/1674546397/russia-icon.png
355. Rear camera Ring 铁圈 for Apple iPhone XR MOQ:100 Red,$0.14,https://static.insales-cdn.com/assets/1/5664/3724832/1674546397/uk-icon.png
356. Rear camera Ring 铁圈 for Apple iPhone XR MOQ:100 White,$0.14,https://static.insales-cdn.com/r/Xd7o0yXNY2A/rs:fit:380:380:1/plain/images/collections/1/4731/89404027/large_ramka-dlya-zadnej-kamery-silver-iphone-xs-max-2.1000x.jpg
357. Rear camera Ring 铁圈 for Apple iPhone XR MOQ:100 Yellow,$0.14,https://static.insales-cdn.com/r/Kuuq2QPnPbk/rs:fit:380:380:1/plain/images/collections/1/4748/89404044/large_steklo-zadnej-kamery-iphone-11-s-tolstym-obodkom-1.1000x.jpg
358. Rear camera Ring 铁圈 for Apple iPhone XR Orange MOQ:100,$0.14,https://static.insales-cdn.com/r/rpafX_hMiAE/rs:fit:380:380:1/plain/images/collections/1/4769/89404065/large_f3a63d04c7d09c7f7fe529a6e460e14f_large.jpg
359. Rear camera Ring 铁圈 for Apple iPhone Xs Max MOQ:100 Black,$0.21,https://static.insales-cdn.com/r/c9rBEdR170U/rs:fit:380:380:1/plain/images/products/1/6264/305420408/large_large_8_plus_silver.jpg
360. Rear camera Ring 铁圈 for Apple iPhone Xs Max MOQ:100 Gold,$0.21,https://static.insales-cdn.com/r/9nZMKPRkslU/rs:fit:380:380:1/plain/images/products/1/513/323879425/large_rBVaVF24LyeACqzfAAK0ak2jjF0177.jpg
